id,type,brand,name,country,price,caliber,description
1,smooth-semi-auto,Fabarm,Fabarm L4S Initial Hunter Maxi-6 76,ИТАЛИЯ,67900,12,
2,smooth-semi-auto,Fabarm,Fabarm L4S Initial Hunter Maxi-8 76,ИТАЛИЯ,71050,12,
3,smooth-semi-auto,Fabarm,Fabarm L4S Grey Hunter Maxi 76,ИТАЛИЯ,98350,12,
4,smooth-semi-auto,Fabarm,Fabarm P.S.S. 10 Practical Muzzle Brake,ИТАЛИЯ,113050,12,
5,smooth-semi-auto,Stoeger,Stoeger M3000 PEREGRINE CAMO MAX5 кал.12/76,ТУРЦИЯ,42505,12,
6,smooth-semi-auto,Stoeger,Stoeger M3000 PEREGRINE SYNTHETIC кал.12/76,ТУРЦИЯ,38135,12,
7,smooth-semi-auto,Stoeger,Stoeger M3000 PEREGRINE WOOD кал.12/76,ТУРЦИЯ,41495,12,
8,smooth-semi-auto,Benelli,Benelli Raffaello 50° Anniversary 12/76 76,ИТАЛИЯ,257880,12,
9,smooth-semi-auto,Benelli,Benelli M2 SP 66,ИТАЛИЯ,138265,12,
10,smooth-semi-auto,Benelli,Benelli Raffaello 50° Anniversary 20/76 71,ИТАЛИЯ,257880,20,
11,smooth-semi-auto,Benelli,Benelli Raffaello Ethos 20 71,ИТАЛИЯ,181610,20,
12,smooth-semi-auto,Armsan,Armsan A612 12/76 76 MC Wood Titanium,ТУРЦИЯ,39950,12,
13,smooth-semi-auto,Benelli,Benelli Vinci Tactical ,ИТАЛИЯ,154055,,
14,smooth-semi-auto,Benelli,Benelli Montefeltro Synthetic New 12 76,ИТАЛИЯ,99120,,
15,smooth-semi-auto,Browning,Browning Maxus Sporting Carbon Fibre 12/76 76 уценка,БЕЛЬГИЯ,90306,12,
16,smooth-semi-auto,Beretta,"Beretta  A400 Xplor Novator 12/76, 76 OCHP ",ИТАЛИЯ,105840,12,
17,smooth-semi-auto,Beretta,"Beretta  A400 Xplor Action 12/76, 76 OCHP kick-off LH",ИТАЛИЯ,140950,12,
18,smooth-semi-auto,Beretta,"Beretta  A400 Xplor Action 12/76, 76 OCHP",ИТАЛИЯ,132385,12,
19,smooth-semi-auto,Beretta,"Beretta  A400 Xplor Action 12/76, 76 OCHP LH",ИТАЛИЯ,132385,12,
20,smooth-semi-auto,Benelli,Benelli Colombo  71,ИТАЛИЯ,142630,12,
21,smooth-semi-auto,Browning,Browning A5 Standart 12/76 76 уценка,БЕЛЬГИЯ,93360,12,
22,smooth-semi-auto,Winchester,Winchester Super X3 Black Shadow Composite 12/76 71,США,108500,12,
23,smooth-semi-auto,Beretta,"Beretta  A400 Lite 12/76, 71 OCHP gun pod2",ИТАЛИЯ,126505,12,
24,smooth-semi-auto,Stoeger,Stoeger 3000A Camo MAX-5 кал.12/76,ТУРЦИЯ,43175,12,
25,smooth-semi-auto,Stoeger,Stoeger 3000A SYNTHETIC кал.12/76,ТУРЦИЯ,36455,12,
26,smooth-semi-auto,Stoeger,Stoeger 3000A WOOD кал.12/76,ТУРЦИЯ,39815,12,
27,smooth-semi-auto,Benelli,Benelli Executive Type 1 76,ИТАЛИЯ,518112,12,
28,smooth-semi-auto,Benelli,Benelli Executive Type 2 76,ИТАЛИЯ,580340,12,
29,smooth-semi-auto,Benelli,Benelli Executive Type 3 76,ИТАЛИЯ,673880,12,
30,smooth-semi-auto,Franchi,Franchi Affinity One 12/76 76 ,ИТАЛИЯ,64510,12,
31,smooth-semi-auto,Benelli,Benelli Raffaello 2013 Deluxe Combo 12  76/55,ИТАЛИЯ,250490,,
32,smooth-semi-auto,Benelli,Benelli Vinci Black Combo 61/76,ИТАЛИЯ,206810,,
33,smooth-semi-auto,Benelli,Benelli Montefeltro Synthetic 12 71,ИТАЛИЯ,99120,,
34,smooth-semi-auto,Benelli,Benelli Raffaello 2013 Deluxe 12 76,ИТАЛИЯ,210000,,
35,smooth-semi-auto,Armsan,Armsan A620 20/76 76 MC Camo Realtree Max4,ТУРЦИЯ,42340,20,
36,smooth-semi-auto,Armsan,Armsan A612 12/76 76 MC Fonex,ТУРЦИЯ,41110,12,
37,smooth-semi-auto,Armsan,Armsan A620 20/76 76 MC Wood Black,ТУРЦИЯ,40010,20,
38,smooth-semi-auto,Browning,Browning Maxus Camo Moinf 12/76 76 ,БЕЛЬГИЯ,134270,12,
39,smooth-semi-auto,Browning,Browning A5 Composite 12/76 71,БЕЛЬГИЯ,131380,12,
40,smooth-semi-auto,Browning,Browning A5 Camo Infinity 12/76 76,БЕЛЬГИЯ,134760,12,
41,smooth-semi-auto,Stoeger,Stoeger 3000A Camo Max-4 76,ТУРЦИЯ,43175,12,
42,smooth-semi-auto,Armsan,Armsan A612 12/76 76 MC Synthetic Carbon,ТУРЦИЯ,41110,12,
43,smooth-semi-auto,Winchester,Winchester Super X3 Raniero Testa 12/76 76,США,135240,12,
44,smooth-semi-auto,Franchi,Franchi Intensity 12/89 76,ИТАЛИЯ,84670,12,
45,smooth-semi-auto,Franchi,Franchi Affinity Synt Combo 12/76 76+61,ИТАЛИЯ,97195,12,
46,smooth-semi-auto,Benelli,Benelli Montefeltro 20 71,ИТАЛИЯ,133055,20,
47,smooth-semi-auto,Beretta,Beretta A400 Xtreme Optifade 12/89 76 OC kick-off,ИТАЛИЯ,169850,12,
48,smooth-semi-auto,Beretta,"Beretta  A400 Xplor Action 20/76, 71 OCHP",ИТАЛИЯ,127175,20,
49,smooth-semi-auto,Armsan,Armsan A612 12/76 76 MC Wood Silver,ТУРЦИЯ,41840,12,
50,smooth-semi-auto,Armsan,Armsan A612 12/76 76/61 MC wood Combo,ТУРЦИЯ,58490,12,
51,smooth-semi-auto,Browning,Browning Maxus Composite 12/76 76 ,БЕЛЬГИЯ,131700,12,
52,smooth-semi-auto,Browning,Browning Maxus Hunter Gr 2 12/76 76,БЕЛЬГИЯ,143130,12,
53,smooth-semi-auto,Armsan,Armsan A612 12/76 76 MC Synthetic,ТУРЦИЯ,35540,12,
54,smooth-semi-auto,Armsan,Armsan A612 12/76 76 MC Camo Realtree Max4,ТУРЦИЯ,41060,12,
55,smooth-semi-auto,Armsan,Armsan A612 12/76 76 MC Wood Black,ТУРЦИЯ,38380,12,
56,smooth-semi-auto,Benelli,Benelli Vinci Black 76,ИТАЛИЯ,151705,12,
57,smooth-semi-auto,Benelli,Benelli SBE 2 Camo Max-4 12/89,ИТАЛИЯ,175730,12,
58,smooth-semi-auto,Browning,Browning A5 One 12/76 66,БЕЛЬГИЯ,116890,12,
59,smooth-semi-auto,Browning,Browning A5 One 12/76 71,БЕЛЬГИЯ,116890,12,
60,smooth-semi-auto,Stoeger,Stoeger 2000A Standart Semi 76,ТУРЦИЯ,26250,12,
61,smooth-semi-auto,Phenoma,Phenoma 12/76 76 Synthetic,ТУРЦИЯ,45450,12,
62,smooth-semi-auto,Armsan,Armsan A612 12/76 76 MC EZ (Synthetic),ТУРЦИЯ,28880,12,
63,smooth-semi-auto,Browning,Browning A5 One 12/76 76,БЕЛЬГИЯ,116890,12,
64,smooth-semi-auto,Browning,Browning A5 Camo Max4 12/76 71,БЕЛЬГИЯ,134760,12,
65,smooth-semi-auto,Beretta,"Beretta 1301 12/76, 61 OCHP",ИТАЛИЯ,103320,12,
66,smooth-semi-auto,Armsan,Armsan A612 12/76 76 MC Wood Black LH,ТУРЦИЯ,43260,12,
67,smooth-semi-auto,Phenoma,Phenoma 12/76 61 Grey Laminate Cantilever,ТУРЦИЯ,60060,12,
68,smooth-semi-auto,Benelli,Benelli Vinci Supersport 76,ИТАЛИЯ,184465,12,
69,smooth-semi-auto,Beretta,Beretta Bellmonte I Wood 76 ,ИТАЛИЯ,71160,12,
70,smooth-semi-auto,Beretta,Beretta Bellmonte I Synth 76,ИТАЛИЯ,65700,12,
71,smooth-semi-auto,Fabarm,Fabarm XLR 5 Composite 76,ИТАЛИЯ,85400,12,
72,smooth-semi-auto,Benelli,Benelli Comfort Cordoba 20 71,ИТАЛИЯ,204625,20,
73,smooth-semi-auto,Fabarm,Fabarm XLR 5 Composite Combo 76/90,ИТАЛИЯ,120400,12,
74,smooth-semi-auto,Fabarm,Fabarm XLR 5 Bulrush 76 ,ИТАЛИЯ,96250,12,
75,smooth-semi-auto,Fabarm,Fabarm XLR 5 Composite Reverse 76,ИТАЛИЯ,92750,12,
76,smooth-semi-auto,Fabarm,Fabarm XLR 5 Composite Combo 76/51,ИТАЛИЯ,128100,12,
77,smooth-semi-auto,Beretta,"Beretta  A400 Xplor Action 12/76, 56 slug",ИТАЛИЯ,127680,12,
78,smooth-semi-auto,Beretta,"Beretta UGB25 Gold Sport 12/76, 76 OC РП",ИТАЛИЯ,277200,12,
79,smooth-semi-auto,Armsan,Armsan A620 20/76 76 MC Wood Silver,ТУРЦИЯ,41370,20,
80,smooth-semi-auto,Armsan,Armsan A620 20/76 76 MC Synthetic Karbon,ТУРЦИЯ,40490,20,
81,smooth-semi-auto,Armsan,Armsan A620 20/76 76 MC Synthetic,ТУРЦИЯ,36380,20,
82,smooth-semi-auto,Phenoma,Phenoma 12/76 76 Camo Realtree Max4,ТУРЦИЯ,52290,12,
83,smooth-semi-auto,Phenoma,Phenoma 12/76 76 MC Synthetic (Карбон),ТУРЦИЯ,50610,12,
84,smooth-semi-auto,Beretta,"Beretta  A400 Xplor Action 12/76, 76 OCHP gun pod",ИТАЛИЯ,137590,12,
85,smooth-semi-auto,Beretta,"Beretta  A400 Xplor Action 12/76, 76 OCHP gun pod kick-off",ИТАЛИЯ,145490,12,
86,smooth-semi-auto,Browning,Browning Maxus Camo Infinity 12/76 76 ,БЕЛЬГИЯ,131700,12,
87,smooth-semi-auto,Beretta,"Beretta A400 Lite 12/76, 76 gun pod2",ИТАЛИЯ,118440,12,
88,smooth-semi-auto,Beretta,"Beretta  A400 XCEL 12/76, 76 OCHP kick-off GP",ИТАЛИЯ,159770,12,
89,smooth-semi-auto,Beretta,"Beretta  A400 Xtreme Camo 12/89, 71 kick-off  OC",ИТАЛИЯ,169850,12,
90,smooth-semi-auto,Beretta,"Beretta  A400 Xtreme Synthetic 12/89, 76 kick-off OCHP",ИТАЛИЯ,159770,12,
91,smooth-semi-auto,Benelli,Benelli Super Vinci Optifade 76,ИТАЛИЯ,166990,12,
92,smooth-semi-auto,Stoeger,Stoeger 3000A SYNTHETIC Slug 55 кал.12/76,ТУРЦИЯ,36455,12,
93,smooth-semi-auto,Stoeger,Stoeger 3000A SYNTHETIC Slug 61 кал.12/76,ТУРЦИЯ,36455,12,
94,smooth-semi-auto,Browning,Browning Maxus Std 12/76 76 ,БЕЛЬГИЯ,135240,12,
95,smooth-semi-auto,Browning,Browning Maxus One Composite 12/76 71,БЕЛЬГИЯ,113510,12,
96,smooth-semi-auto,Browning,Browning Maxus One Composite 12/76 76,БЕЛЬГИЯ,113510,12,
97,smooth-semi-auto,Franchi,Franchi Affinity 12/76 76 Synt,ИТАЛИЯ,80975,12,
98,smooth-semi-auto,Benelli,Benelli Raffaello Crio Comfort 76,ИТАЛИЯ,176230,12,
99,smooth-semi-auto,Benelli,Benelli Raffaello Crio Comfort 71,ИТАЛИЯ,176230,12,
100,smooth-semi-auto,Franchi,Franchi Affinity 12/76 76 Wood,ИТАЛИЯ,85510,12,
101,smooth-semi-auto,Benelli,Benelli M2 Camo Max5 71,ИТАЛИЯ,143810,12,
102,smooth-semi-auto,Benelli,Benelli Comfort 20 71,ИТАЛИЯ,141960,20,
103,smooth-semi-auto,Benelli,Benelli Raffaello 2013 76,ИТАЛИЯ,159265,12,
104,smooth-semi-auto,Benelli,Benelli Raffaello 2013 Power Bore 76,ИТАЛИЯ,191690,12,
105,smooth-semi-auto,Browning,Browning A5 Composite 12/89 71,БЕЛЬГИЯ,132660,12,
106,smooth-semi-auto,Benelli,Benelli Vinci Camo Max-5 71,ИТАЛИЯ,166990,12,
107,smooth-semi-auto,Browning,Browning A5 Camo Duck Blind 12/76 76,БЕЛЬГИЯ,134760,12,
108,smooth-semi-auto,Browning,Browning Maxus Ultimate Ducks 12/76 76 ,БЕЛЬГИЯ,169530,12,
109,smooth-semi-auto,Browning,Browning Maxus Ultimate Partridges 12/76 76 ,БЕЛЬГИЯ,169530,12,
110,smooth-semi-auto,Browning,Browning A5 Standart 12/76 76,БЕЛЬГИЯ,136210,12,
111,smooth-semi-auto,Browning,Browning A5 Composite 12/76 76,БЕЛЬГИЯ,131380,12,
112,smooth-semi-auto,Armsan,Armsan Paragon 12/76 76 Wood,ТУРЦИЯ,58120,12,
113,smooth-semi-auto,Armsan,Armsan A612 12/76 76 MC DW3,ТУРЦИЯ,82090,12,
114,smooth-semi-auto,Phenoma,Phenoma 12/76 61 Wood Cantilever,ТУРЦИЯ,60690,12,
115,smooth-semi-auto,Armtac,Armtac RS-A1 12/76 51,ТУРЦИЯ,34000,12,
116,smooth-semi-auto,Beretta,"Beretta  A400 Xplor Action 12/76, 76 OCH.",ИТАЛИЯ,127175,12,
117,smooth-semi-auto,Fabarm,Fabarm XLR 5 Composite Olive Green 76,ИТАЛИЯ,78750,12,
118,smooth-semi-auto,Fabarm,Fabarm XLR 5 Combo 76/51,ИТАЛИЯ,135450,12,
119,smooth-semi-auto,Benelli,Benelli M3 S90 Telescopic,ИТАЛИЯ,153550,12,
120,smooth-semi-auto,Benelli,Benelli Vinci Camo Wood 76,ИТАЛИЯ,151705,12,
121,smooth-semi-auto,Benelli,Benelli SBE 2 Limited Edirtion 12/89 71,ИТАЛИЯ,202270,12,
122,smooth-semi-auto,Benelli,Benelli Vinci Camo Wood 71,ИТАЛИЯ,151705,12,
123,smooth-semi-auto,Beretta,"Beretta  A400 Xtreme Optifade 12/89, 76  kick-off gun pod OCHP",ИТАЛИЯ,180935,12,
124,smooth-semi-auto,Benelli,Benelli Vinci Sequoia Brown 71,ИТАЛИЯ,166990,12,
125,smooth-semi-auto,Benelli,Benelli Vinci Desert Dune 71,ИТАЛИЯ,166990,12,
126,smooth-semi-auto,Benelli,Benelli Vinci Amazonia Green 71,ИТАЛИЯ,166990,12,
127,smooth-semi-auto,Franchi,Franchi Affinity 12/76 76 Max5,ИТАЛИЯ,82825,12,
128,smooth-semi-auto,Franchi,Franchi Affinity 12/76 76 White,ИТАЛИЯ,89040,12,
129,smooth-semi-auto,Benelli,Benelli Vinci Camo Wood Combo 61/76,ИТАЛИЯ,208990,12,
130,smooth-semi-auto,Beretta,"Beretta  A300 Outlander 12/76, 76 MC",ИТАЛИЯ,90550,12,
131,smooth-semi-auto,Beretta,Beretta Bellmonte I Max5 camo 76,ИТАЛИЯ,69340,12,
132,smooth-semi-auto,Fabarm,Fabarm XLR 5 Combo 76/90,ИТАЛИЯ,132300,12,
133,smooth-semi-auto,Winchester,Winchester Super X3 Field 20/76 71,США,120430,20,
134,smooth-semi-auto,Winchester,Winchester Super X3 Field Red Performance 12/76 76,США,122040,12,
135,smooth-semi-auto,Benelli,Benelli Montefeltro Beccaccia Supreme 66,ИТАЛИЯ,142970,12,
136,smooth-semi-auto,Beretta,"Beretta  A300 Outlander Synthetic 12/76, 76 MC",ИТАЛИЯ,90550,12,
137,smooth-semi-auto,Benelli,Benelli Arabesque 12 76,ИТАЛИЯ,233185,12,
138,smooth-semi-auto,Benelli,Benelli Raffaello 2013 71,ИТАЛИЯ,159265,12,
139,smooth-semi-auto,Benelli,Benelli Raffaello 2013 Power Bore 71,ИТАЛИЯ,191690,12,
140,smooth-semi-auto,Browning,Browning A5 Camo Duck Blind 12/76 71,БЕЛЬГИЯ,134760,12,
141,smooth-semi-auto,Benelli,Benelli Montefeltro Beccaccia 20 61,ИТАЛИЯ,142970,20,
142,smooth-semi-auto,Winchester,Winchester Super X3 Field 20/76 66,США,120430,20,
143,smooth-semi-auto,Winchester,Winchester Super X3 Black Shadow 12/76 71,США,99980,12,
144,smooth-semi-auto,Winchester,Winchester Super X3 Black Shadow 12/76 66,США,99980,12,
145,smooth-semi-auto,Browning,Browning Maxus Std 12/76 66,БЕЛЬГИЯ,135240,12,
146,smooth-semi-auto,Browning,Browning A5 Standart 12/76 71,БЕЛЬГИЯ,134760,12,
147,smooth-semi-auto,Armtac,Armtac RS-A2 12/76 51,ТУРЦИЯ,37590,12,
148,smooth-semi-auto,Browning,Browning Maxus Std 12/76 71,БЕЛЬГИЯ,135240,12,
149,smooth-semi-auto,Benelli,Benelli Raffaello Crio Comfort 76 LH,ИТАЛИЯ,176230,12,
150,smooth-semi-auto,Fabarm,Fabarm XLR 5 76,ИТАЛИЯ,98700,12,
151,smooth-semi-auto,Benelli,Benelli Super Vinci Black 71,ИТАЛИЯ,151705,12,
152,smooth-semi-auto,Phenoma,Phenoma 12/76 76 Wood,ТУРЦИЯ,57460,12,
153,smooth-semi-auto,Benelli,Benelli Raffaello Slug 20 55,ИТАЛИЯ,165985,20,
154,smooth-semi-auto,Beretta,Beretta ES 100 Wood 76 MC ,ИТАЛИЯ,78750,12,
155,smooth-semi-auto,Beretta,Beretta A400 Xplor Novator 12/76 76 OCHP,ИТАЛИЯ,112560,12,
156,smooth-semi-auto,Benelli,Benelli Raffaello Lord 20/76,ИТАЛИЯ,249145,20,
157,smooth-semi-auto,Fabarm,Fabarm XLR 5 Black Goose 90,ИТАЛИЯ,94500,12,
158,smooth-semi-auto,Fabarm,Fabarm P.S.S. 10 Practical,ИТАЛИЯ,101150,12,
159,smooth-semi-auto,Browning,Browning A5 Ultimate Ducks 12/76 76,БЕЛЬГИЯ,148440,12,
160,smooth-semi-auto,Browning,Browning A5 Ultimate Partridges 12/76 76,БЕЛЬГИЯ,148440,12,
161,smooth-semi-auto,Browning,Browning A5 Camo Max4 12/76 76,БЕЛЬГИЯ,134760,12,
162,smooth-semi-auto,Beretta,"Beretta  A400 Xtreme Camo 12/89, 71 kick-off OCHP",ИТАЛИЯ,169850,12,
163,smooth-semi-auto,Browning,Browning Maxus Sporting Carbon Fibre 12/76 76 ,БЕЛЬГИЯ,131700,12,
164,smooth-semi-auto,Winchester,Winchester Super X3 Black Shadow 12/76 76,США,99980,12,
165,smooth-semi-auto,Fabarm,Fabarm XLR 5 Velocity,ИТАЛИЯ,154000,12,
166,smooth-semi-auto,Beretta,"Beretta  A300 Outlander Synthetic 12/76, 71 MC",ИТАЛИЯ,90550,12,
167,smooth-semi-auto,Benelli,Benelli Montefeltro 12 71 LH,ИТАЛИЯ,133055,12,
168,smooth-semi-auto,Fabarm,Fabarm H35 Lion Exclusive 76 ,ИТАЛИЯ,164500,12,
169,smooth-semi-auto,Benelli,Benelli M2 Comfort 71,ИТАЛИЯ,128690,12,
170,smooth-semi-auto,Benelli,Benelli Super Sport 76,ИТАЛИЯ,216890,12,
171,smooth-semi-auto,Benelli,Benelli Super Black Eagle II 61 дерево,ИТАЛИЯ,136920,12,
172,smooth-semi-auto,Benelli,Benelli M2 Tactical,ИТАЛИЯ,146700,12,
173,smooth-semi-auto,Armsan,Armsan A612 12/76 76 MC Wood Easy,ТУРЦИЯ,35670,12,
174,smooth-semi-auto,Beretta,"Beretta  A400 Xplor Unico 12/89, 76 OCHP",ИТАЛИЯ,142465,12,
175,smooth-semi-auto,Beretta,"Beretta  A400 Xplor Unico 12/89, 76 OCHP kick-off",ИТАЛИЯ,149350,12,
176,smooth-semi-auto,Fabarm,Fabarm H35 Lion Azur 76 ,ИТАЛИЯ,114450,12,
177,smooth-semi-auto,Benelli,Benelli Comfort 76,ИТАЛИЯ,141960,12,
178,smooth-semi-auto,Benelli,Benelli Montefeltro 12 76,ИТАЛИЯ,134230,12,
179,smooth-semi-auto,Fabarm,Fabarm H38 Lion Hunter 76,ИТАЛИЯ,81900,12,
180,smooth-semi-auto,Benelli,Benelli Comfort 76 Combo,ИТАЛИЯ,191185,12,
181,smooth-semi-auto,Fabarm,Fabarm H38 Lion Hunter Combo 76/90,ИТАЛИЯ,122150,12,
182,smooth-semi-auto,Benelli,Benelli M4 S90,ИТАЛИЯ,190175,12,
183,smooth-semi-auto,Benelli,Benelli Raffaello 76,ИТАЛИЯ,145655,12,
184,smooth-semi-auto,Benelli,Benelli M3 S90 Kromo,ИТАЛИЯ,157080,12,
185,smooth-semi-auto,Benelli,Benelli M3 S90 Combo,ИТАЛИЯ,186480,12,
186,smooth-semi-auto,Benelli,Benelli M3 S90,ИТАЛИЯ,127345,12,
187,smooth-semi-auto,Benelli,Benelli Raffaello Elegant Combo ,ИТАЛИЯ,196895,12,
188,smooth-semi-auto,Benelli,Benelli Raffaello Deluxe 76,ИТАЛИЯ,171695,12,
189,smooth-semi-auto,Fabarm,Fabarm SAT 8 Pro Forces,ИТАЛИЯ,94500,12,
190,smooth-semi-auto,Benelli,Benelli Raffaello Elegant 76,ИТАЛИЯ,156410,12,
191,smooth-semi-auto,Fabarm,Fabarm SAT 8 Pro Telescopic,ИТАЛИЯ,98700,12,
192,smooth-semi-auto,Benelli,Benelli Raffaello Crio 71,ИТАЛИЯ,169345,12,
193,smooth-semi-auto,Cosmi,Cosmi De Luxe G2,ИТАЛИЯ,2082500,12,
194,smooth-semi-auto,Fabarm,Fabarm H368 Lion Composite 76,ИТАЛИЯ,78400,12,
195,vertical dual-barrel,Fabarm,Fabarm ELOS DII Grey AL Light 12/76 71,ИТАЛИЯ,119350,12,
196,vertical dual-barrel,Fabarm,Fabarm Axis S&H 12/76 76,ИТАЛИЯ,145600,12,
197,vertical dual-barrel,Fabarm,Fabarm ELOS DII Field 12/76 76,ИТАЛИЯ,119350,12,
198,vertical dual-barrel,Sauer,Sauer Apollon 12/76 71,ГЕРМАНИЯ,164850,12,
199,vertical dual-barrel,Sauer,Sauer Artemis 12/76 71,ГЕРМАНИЯ,164850,12,
200,vertical dual-barrel,Benelli,Benelli 828 U Chrome  Compact 71 12/76,ИТАЛИЯ,245280,12,
201,vertical dual-barrel,Benelli,Benelli 828 U Black Compact 71 12/76,ИТАЛИЯ,208320,12,
202,vertical dual-barrel,Sauer,Sauer Apollon 12/76 76,ГЕРМАНИЯ,164850,12,
203,vertical dual-barrel,Blaser,Blaser F16 Sporting 76,ГЕРМАНИЯ,266490,12,
204,vertical dual-barrel,Blaser,Blaser F16 Game 71,ГЕРМАНИЯ,243320,12,
205,vertical dual-barrel,Blaser,Blaser F16 Game 76,ГЕРМАНИЯ,243320,12,
206,vertical dual-barrel,Benelli,Benelli 828 U Chrome 66 12/76,ИТАЛИЯ,245280,12,
207,vertical dual-barrel,Benelli,Benelli 828 U Chrome 71 12/76,ИТАЛИЯ,245280,12,
208,vertical dual-barrel,Benelli,Benelli 828 U Black 71 12/76,ИТАЛИЯ,208320,12,
209,vertical dual-barrel,Beretta,"Beretta 687 Silver Pigeon V 20/76, 71 DT MC",ИТАЛИЯ,275855,20,
210,vertical dual-barrel,Beretta,"Beretta 686 Silver Pigeon I 12/76, 71 MС",ИТАЛИЯ,149520,12,
211,vertical dual-barrel,Beretta,"Beretta 692 Black Sport 12/76, 76 AS OCHP ",ИТАЛИЯ,377665,12,
212,vertical dual-barrel,Beretta,"Beretta 692 Black Sport 12/76, 81 AS OCHP ",ИТАЛИЯ,377665,12,
213,vertical dual-barrel,Beretta,"Beretta 690 Black Sport 12/76, 76 OCHP ",ИТАЛИЯ,224450,12,
214,vertical dual-barrel,Beretta,"Beretta 690 Black Sport 12/76, 71 OCHP ",ИТАЛИЯ,224450,12,
215,vertical dual-barrel,Browning,Browning B725 Sporter II 12/76 76 MC,БЕЛЬГИЯ,229910,12,
216,vertical dual-barrel,Beretta,"Beretta 692 Black Sport 12/76, 76 OCHP ",ИТАЛИЯ,350950,12,
217,vertical dual-barrel,Beretta,Beretta SO5 12/76 кейс,ИТАЛИЯ,1800000,12,
218,vertical dual-barrel,Browning,Browning B525 Game 1 12/76 76 MC,БЕЛЬГИЯ,169370,12,
219,vertical dual-barrel,Beretta,Beretta 687 Silver Pigeon IV 76 MC уценка,ИТАЛИЯ,200000,12,
220,vertical dual-barrel,Beretta,"Beretta DT11 Skeet 12/70, 73 OCHP",ИТАЛИЯ,656040,12,
221,vertical dual-barrel,Krieghoff,Krieghoff 80 Sporting 12/76 76 MC Titanium S-Arabes РП nitr,ГЕРМАНИЯ,1240310,12,
222,vertical dual-barrel,Krieghoff,Krieghoff 80 Parcours 12/76 76 MC Breley S-Arabes РП blued,ГЕРМАНИЯ,1201500,12,
223,vertical dual-barrel,Krieghoff,Krieghoff 80 Parcours 12/76 76 MC Briley V-Scroll РП nickel,ГЕРМАНИЯ,1255160,12,
224,vertical dual-barrel,Browning,Browning B725 Hunter UK G3 12/76 76 MC,БЕЛЬГИЯ,264040,12,
225,vertical dual-barrel,Browning,Browning B525 Citori Jaktia II 12/76 76 MC РП,БЕЛЬГИЯ,161000,12,
226,vertical dual-barrel,Zoli,Zoli EMSC Columbus Gold 12 75 LH,ИТАЛИЯ,224420,12,
227,vertical dual-barrel,Browning,Browning B725 Hunter Jagd 12/76 76 MC,БЕЛЬГИЯ,222820,12,
228,vertical dual-barrel,Beretta,"Beretta DT11 Skeet 12/70, 71 OCHP",ИТАЛИЯ,656040,12,
229,vertical dual-barrel,Beretta,"Beretta 692 Trap 12/70, 76",ИТАЛИЯ,266950,12,
230,vertical dual-barrel,Beretta,"Beretta 692 Skeet 12/70, 73 OCHP РП",ИТАЛИЯ,297530,12,
231,vertical dual-barrel,Beretta,"Beretta SO10 12/76, 76 2G4 Pist",ИТАЛИЯ,5214215,12,
232,vertical dual-barrel,Beretta,"Beretta DT11 Sport 12/76, 81 OCHP РП",ИТАЛИЯ,664760,12,
233,vertical dual-barrel,Beretta,"Beretta 690 Field I 12/76, 71 OCHP",ИТАЛИЯ,195890,12,
234,vertical dual-barrel,Beretta,"Beretta DT11 ACS 12/76, 81 AR РП",ИТАЛИЯ,660240,12,
235,vertical dual-barrel,Blaser,Blaser F3 St Competition 76 РП ,ГЕРМАНИЯ,434350,12,
236,vertical dual-barrel,Blaser,Blaser F3 Standart Game 74,ГЕРМАНИЯ,372050,12,
237,vertical dual-barrel,Blaser,Blaser F3 St Competition 76 LH ,ГЕРМАНИЯ,445550,12,
238,vertical dual-barrel,Blaser,Blaser F3 St Competition 76,ГЕРМАНИЯ,404600,12,
239,vertical dual-barrel,Blaser,Blaser F3 Super Sport 76,ГЕРМАНИЯ,483000,12,
240,vertical dual-barrel,Blaser,Blaser F3 Standart Game 74 LH,ГЕРМАНИЯ,411950,12,
241,vertical dual-barrel,Franchi,Franchi Instinct SL 20/76 76,ИТАЛИЯ,98475,20,
242,vertical dual-barrel,Winchester,Winchester Select Energy Sporting 12/76 71 MC,США,181770,12,
243,vertical dual-barrel,Winchester,Winchester Select Energy Sporting 12/76 76 MC,США,181770,12,
244,vertical dual-barrel,Fabarm,Fabarm ELOS Black Diamond 20/76,ИТАЛИЯ,174300,20,
245,vertical dual-barrel,Browning,Browning B25 Special 12/70 76,БЕЛЬГИЯ,2065630,12,
246,vertical dual-barrel,Browning,Browning B25 B2G cal 12/70 81,БЕЛЬГИЯ,1658300,12,
247,vertical dual-barrel,Khan,Khan K226 12/76 76 MC,ТУРЦИЯ,62580,12,
248,vertical dual-barrel,Beretta,Beretta 687 Silver Pigeon III 20/76 71 MC Eng,ИТАЛИЯ,236375,20,
249,vertical dual-barrel,Beretta,"Beretta 687 EELL Diamond Pigeon New 12/76, 76 OC",ИТАЛИЯ,544825,12,
250,vertical dual-barrel,Beretta,"Beretta SO6 EELL Sport 12/76, 76",ИТАЛИЯ,5638920,12,
251,vertical dual-barrel,Beretta,"Beretta 690 Sport 12/76, 76 OCHP",ИТАЛИЯ,243095,12,
252,vertical dual-barrel,Beretta,"Beretta 692 Sport 12/76, 76 OCHP РП",ИТАЛИЯ,319200,12,
253,vertical dual-barrel,Beretta,"Beretta 692 Trap 12/70, 76 LH",ИТАЛИЯ,262415,12,
254,vertical dual-barrel,CZ,CZ Canvasback 12 76,ЧЕХИЯ,52850,12,
255,vertical dual-barrel,CZ,CZ Mallard 12 76,ЧЕХИЯ,45360,12,
256,vertical dual-barrel,CZ,CZ Mallard 20 76,ЧЕХИЯ,45500,20,
257,vertical dual-barrel,Beretta,"Beretta 692 Skeet 12/70, 73 OCHP",ИТАЛИЯ,270815,12,
258,vertical dual-barrel,Beretta,"Beretta 692 Sport 12/76, 81 OCHP РП",ИТАЛИЯ,315000,12,
259,vertical dual-barrel,Beretta,"Beretta 692 Sport 12/76, 76 OCHP LH",ИТАЛИЯ,286610,12,
260,vertical dual-barrel,Beretta,"Beretta 686 Silver Pigeon I Sporting 12/76, 76 OCHP",ИТАЛИЯ,163295,12,
261,vertical dual-barrel,Beretta,"Beretta SO6 Sparviere 12/76, 76 OC",ИТАЛИЯ,4741130,12,
262,vertical dual-barrel,Fabarm,Fabarm ELOS C FIELD 12/76 76 LH,ИТАЛИЯ,114800,12,
263,vertical dual-barrel,Zoli,Zoli GC Expert 75,ИТАЛИЯ,50,12,
264,vertical dual-barrel,Fabarm,Fabarm STL Competition C5 76,ИТАЛИЯ,214900,12,
265,vertical dual-barrel,Fabarm,Fabarm Axis Field Elite 12 76,ИТАЛИЯ,200200,12,
266,vertical dual-barrel,Beretta,"Beretta DT11 Trap 12/76, 76 ",ИТАЛИЯ,607655,12,
267,vertical dual-barrel,Winchester,Winchester Select Energy Trap 12/76 81 РП,США,181770,12,
268,vertical dual-barrel,Beretta,"Beretta 687 EELL Classic Restyle 12/76, 76 ",ИТАЛИЯ,610010,12,
269,vertical dual-barrel,Beretta,"Beretta 686 Silver Pigeon I Sporting 12/76, 76 OCHP LH",ИТАЛИЯ,163295,12,
270,vertical dual-barrel,Zoli,Zoli EMSC Kronos Lux 75,ИТАЛИЯ,431200,12,
271,vertical dual-barrel,Beretta,"Beretta DT11 Sport 12/76, 71 OCHP",ИТАЛИЯ,624790,12,
272,vertical dual-barrel,Winchester,Winchester Select English Field 76 MC,США,144260,12,
273,vertical dual-barrel,Beretta,"Beretta UltraLight 12/70, 71 MC New",ИТАЛИЯ,188160,12,
274,vertical dual-barrel,Beretta,"Beretta 686 Silver Pigeon I 20/76, 71 MC",ИТАЛИЯ,149520,20,
275,vertical dual-barrel,Zoli,Zoli EMSC Z-Sport Black 78,ИТАЛИЯ,456750,12,
276,vertical dual-barrel,Beretta,"Beretta DT11 Sport 12/76, 76 OCHP",ИТАЛИЯ,656040,12,
277,vertical dual-barrel,Blaser,Blaser F3 Competition Custom III 76 (F025065-FR011894),ГЕРМАНИЯ,1421000,12,
278,vertical dual-barrel,Browning,Browning B725 Hunter 12/76 66 MC,БЕЛЬГИЯ,233770,12,
279,vertical dual-barrel,Franchi,Franchi Instinct L 20/76 71,ИТАЛИЯ,85545,20,
280,vertical dual-barrel,Franchi,Franchi Instinct L 12/76 76,ИТАЛИЯ,85545,12,
281,vertical dual-barrel,Franchi,Franchi Instinct SL 12/76 76,ИТАЛИЯ,98475,12,
282,vertical dual-barrel,Browning,Browning B725 Sporter 12/76 81 РП MC,БЕЛЬГИЯ,240050,12,
283,vertical dual-barrel,Beretta,"Beretta SO5 Sport 12/76, 76 OC HP",ИТАЛИЯ,2176105,12,
284,vertical dual-barrel,Browning,Browning B725 Sporter 12/76 81 MC,БЕЛЬГИЯ,216380,12,
285,vertical dual-barrel,Browning,Browning B725 Hunter 12/76 71 LH MC,БЕЛЬГИЯ,219930,12,
286,vertical dual-barrel,Browning,Browning B725 Hunter Premium 12/76 76 MC,БЕЛЬГИЯ,238120,12,
287,vertical dual-barrel,Armsan,Armsan EOS 12/76 76 Silver,ТУРЦИЯ,53870,12,
288,vertical dual-barrel,Beretta,"Beretta 686 Silver Pigeon I 12/76, 76 MС",ИТАЛИЯ,149520,12,
289,vertical dual-barrel,Fabarm,Fabarm ELOS C Sporting 12/76 76,ИТАЛИЯ,120050,12,
290,vertical dual-barrel,Fabarm,Fabarm Axis Field Elite 20 76,ИТАЛИЯ,200200,20,
291,vertical dual-barrel,Browning,Browning B525 Hunter Heritage 12/76 76 MC,БЕЛЬГИЯ,594900,12,
292,vertical dual-barrel,Beretta,"Beretta 692 Sport 12/76, 81 OCHP",ИТАЛИЯ,286610,12,
293,vertical dual-barrel,Browning,Browning B525 Sporter Premium 12/76 76 MC,БЕЛЬГИЯ,641100,12,
294,vertical dual-barrel,Blaser,Blaser F3 Lux Competition 76,ГЕРМАНИЯ,631750,12,
295,vertical dual-barrel,Zoli,Zoli GC Expert 71,ИТАЛИЯ,50,12,
296,vertical dual-barrel,Zoli,Zoli EMSC Columbus Gold 20 75,ИТАЛИЯ,192150,20,
297,vertical dual-barrel,Zoli,Zoli EMSC Kronos 2 Sport 75,ИТАЛИЯ,214900,12,
298,vertical dual-barrel,Browning,Browning B525 Hunter Elite 20/76 76 MC,БЕЛЬГИЯ,280300,20,
299,vertical dual-barrel,Winchester,Winchester Select Midnight 76 MC,США,131380,12,
300,vertical dual-barrel,Blaser,Blaser F3 Anniversary 74,ГЕРМАНИЯ,728700,12,
301,vertical dual-barrel,Fabarm,Fabarm ELOS Deluxe Field 12/76 76,ИТАЛИЯ,124250,12,
302,vertical dual-barrel,Fabarm,Fabarm ELOS He 66,ИТАЛИЯ,138950,12,
303,vertical dual-barrel,Blaser,Blaser F3 St Competition 71 Grade 4,ГЕРМАНИЯ,389900,12,
304,vertical dual-barrel,Beretta,"Beretta DT11 Sport 12/76, 76 OCHP РП",ИТАЛИЯ,654190,12,
305,vertical dual-barrel,Zoli,Zoli EMSC Kronos Sport Black 81,ИТАЛИЯ,267750,12,
306,vertical dual-barrel,Zoli,Zoli EMSC Kronos Sport Silver 75,ИТАЛИЯ,244125,12,
307,vertical dual-barrel,Zoli,Zoli EMSC Z-Sport Silver 78,ИТАЛИЯ,456750,12,
308,vertical dual-barrel,Fabarm,Fabarm ELOS C Sporting 12/76 76 РП,ИТАЛИЯ,131600,12,
309,vertical dual-barrel,Fabarm,Fabarm ELOS Venti Field 20 76,ИТАЛИЯ,124250,20,
310,vertical dual-barrel,Beretta,"Beretta 690 Field III 12/76, 76 OCHP",ИТАЛИЯ,226800,12,
311,vertical dual-barrel,Beretta,"Beretta 690 Field III 12/76, 71 OCHP",ИТАЛИЯ,226800,12,
312,vertical dual-barrel,Beretta,"Beretta 692 Sport 12/76, 71 OCHP ",ИТАЛИЯ,292490,12,
313,vertical dual-barrel,Beretta,"Beretta 686 Silver Pigeon I Sporting 12/76, 76 OCHP РП",ИТАЛИЯ,180770,12,
314,vertical dual-barrel,Beretta,"Beretta 686 Silver Pigeon I Sporting 12/76, 81 OCHP ",ИТАЛИЯ,163295,12,
315,vertical dual-barrel,Beretta,"Beretta 686 Silver Pigeon I Sporting 12/76, 71 OСHP",ИТАЛИЯ,163295,12,
316,vertical dual-barrel,Fabarm,Fabarm ELOS A FIELD 12/76 76,ИТАЛИЯ,97300,12,
317,vertical dual-barrel,Fabarm,Fabarm ELOS C FIELD 12/76 76,ИТАЛИЯ,109550,12,
318,vertical dual-barrel,Beretta,"Beretta 692 Sport 12/76, 76 OCHP",ИТАЛИЯ,292490,12,
319,vertical dual-barrel,Beretta,"Beretta DT11 Skeet 12/70, 71 OCHP РП",ИТАЛИЯ,664760,12,
320,vertical dual-barrel,Fabarm,Fabarm Axis Field 12 76,ИТАЛИЯ,150150,12,
321,vertical dual-barrel,Fausti,Fausti Albion Light De Luxe 71,ИТАЛИЯ,201200,12,
322,vertical dual-barrel,Beretta,"Beretta 687 Silver Pigeon V 12/76, 76 MC",ИТАЛИЯ,254520,12,
323,vertical dual-barrel,Beretta,"Beretta 687 EELL Diamond Pigeon New 12/76, 76",ИТАЛИЯ,529200,12,
324,vertical dual-barrel,Armsan,Armsan EOS 12/76 76 Black,ТУРЦИЯ,52130,12,
325,vertical dual-barrel,Fabarm,Fabarm Axis Field 20 76,ИТАЛИЯ,150150,20,
326,vertical dual-barrel,Zoli,Zoli EMSC Columbus Gold 12 75,ИТАЛИЯ,203980,12,
327,vertical dual-barrel,Merkel,Merkel 2001C Jagd 12/76 76 MC,ГЕРМАНИЯ,518800,12,
328,vertical dual-barrel,Fabarm,Fabarm STL Sport 76,ИТАЛИЯ,199500,12,
329,vertical dual-barrel,Browning,Browning B525 Sporter 1 12/76 81 MC,БЕЛЬГИЯ,163250,12,
330,vertical dual-barrel,Winchester,Winchester Select Field 71 MC,США,149100,12,
331,vertical dual-barrel,Beretta,Beretta DT10 Double Trap 76,ИТАЛИЯ,457155,12,
332,vertical dual-barrel,Fabarm,Fabarm STL VS Sport 76 AS РП,ИТАЛИЯ,216300,12,
333,vertical dual-barrel,Fabarm,Fabarm Waterfowl Bulrush Camo 76,ИТАЛИЯ,120050,12,
334,vertical dual-barrel,Beretta,Beretta 687 EELL Diamond Pigeon Sport 76 MC,ИТАЛИЯ,609325,12,
335,vertical dual-barrel,Browning,Browning Cynergy Trap 76,БЕЛЬГИЯ,150000,12,
336,vertical dual-barrel,Zoli,Zoli EMSC Kronos Sport Black 75,ИТАЛИЯ,267750,12,
337,horizontal dual-barrel,Beretta,"Beretta 486 Parallelo 12/76, 71 English",ИТАЛИЯ,355490,12,
338,horizontal dual-barrel,Fabarm,Fabarm Classis English 12/76,ИТАЛИЯ,178150,12,
339,horizontal dual-barrel,Fabarm,Fabarm Classis English Grade IV 12/76,ИТАЛИЯ,50,12,
340,horizontal dual-barrel,Fabarm,Fabarm Classis 20/76,ИТАЛИЯ,187600,20,
341,horizontal dual-barrel,Franchi,Franchi Esprit 12/76,ИТАЛИЯ,207480,12,
342,horizontal dual-barrel,Beretta,"Beretta 486 Parallelo 12/76, 71 OCHP Pistol",ИТАЛИЯ,345070,12,
343,horizontal dual-barrel,Beretta,"Beretta 486 Parallelo 12/76, 66 OCHP Pistol",ИТАЛИЯ,355490,12,
344,horizontal dual-barrel,Franchi,Franchi Condor 20,ИТАЛИЯ,161465,20,
345,horizontal dual-barrel,Beretta,"Beretta 486 Parallelo 12/76, 71 OCHP English",ИТАЛИЯ,355490,12,
346,horizontal dual-barrel,Fabarm,Fabarm Classis Pistol 12/76,ИТАЛИЯ,175455,12,
347,horizontal dual-barrel,Ferlach,Ferlach 20,ГЕРМАНИЯ,100000,20,
348,pump-action,Fabarm,Fabarm Martial O.D Green 12 ,ИТАЛИЯ,57050,12,
349,pump-action,Fabarm,Fabarm SDASS 2 Chasse Composite Combo 76/51,ИТАЛИЯ,70700,12,
350,pump-action,Fabarm,Fabarm STF 12 Telescopic,ИТАЛИЯ,102550,12,
351,pump-action,Benelli,Benelli Supernova 12 61,ИТАЛИЯ,63840,12,
352,pump-action,Benelli,Benelli Supernova 12 71,ИТАЛИЯ,63840,12,
353,pump-action,Armtac,Armtac RS-X2 12/76 51 Nato Green,ТУРЦИЯ,35910,12,
354,pump-action,Armtac,Armtac RS-X2 12/76 51 Kryptek,ТУРЦИЯ,36910,12,
355,pump-action,Armtac,Armtac RS-X2 12/76 51,ТУРЦИЯ,33440,12,
356,pump-action,Armtac,Armtac RS-X1 12/76 51,ТУРЦИЯ,31450,12,
357,pump-action,Benelli,Benelli Supernova Combo 71/50,ИТАЛИЯ,88030,12,
358,pump-action,Stoeger,Stoeger P350 Synthetic Pump 55 12/89,ТУРЦИЯ,26500,12,
359,pump-action,Armtac,Armtac RS-X2 12/76 51 Ultra Shot,ТУРЦИЯ,32450,12,
360,pump-action,Armtac,Armtac RS-X2 12/76 51 Side Folding,ТУРЦИЯ,37570,12,
361,pump-action,Armsan,Armsan P-Challange 12/76 76,ТУРЦИЯ,57860,12,
362,pump-action,Armsan,Armsan P612 12/76 71 MC Synthetic,ТУРЦИЯ,33970,12,
363,pump-action,Armsan,Armsan P612 12/76 61 Synthetic Slug,ТУРЦИЯ,40010,12,
364,pump-action,Benelli,Benelli Supernova Camo Max5 71,ИТАЛИЯ,66530,12,
365,pump-action,Benelli,Benelli Supernova 12 66,ИТАЛИЯ,63840,12,
366,pump-action,Benelli,Benelli Supernova 50 12/89,ИТАЛИЯ,59975,12,
367,pump-action,Armtac,Armtac RS-X2 12/76 51 FPS,ТУРЦИЯ,42530,12,
368,pump-action,Armsan,Armsan P612 12/76 61 MC Camo Advantage Timber Slug,ТУРЦИЯ,45940,12,
369,pump-action,Armsan,Armsan P612 12/76 61 MC Synthetic,ТУРЦИЯ,34020,12,
370,pump-action,Armsan,Armsan P612 12/76 61 MC Camo Realtree Max4,ТУРЦИЯ,40010,12,
371,pump-action,Armsan,Armsan P612 12/76 71 MC Camo Realtree Max4,ТУРЦИЯ,42340,12,
372,pump-action,Fabarm,Fabarm STF 12 Compact,ИТАЛИЯ,92050,12,
373,pump-action,Fabarm,Fabarm STF 12 Compact Initial,ИТАЛИЯ,82250,12,
374,pump-action,Stoeger,Stoeger SP312 Synthetic Pump 76,ТУРЦИЯ,26500,12,
375,pump-action,Stoeger,Stoeger P350 Camo Max-4 55 12/89,ТУРЦИЯ,26500,12,
376,pump-action,Benelli,Benelli Supernova Telescopic 50 12/89,ИТАЛИЯ,61990,12,
377,pump-action,Fabarm,Fabarm SDASS 12 Tactical,ИТАЛИЯ,60550,12,
378,pump-action,Benelli,Benelli Nova 50 12/89,ИТАЛИЯ,53590,12,
379,pump-action,Fabarm,Fabarm SDASS 12 Composite,ИТАЛИЯ,43400,12,
380,rifled-semi-auto,North Eastern Arms,NEA25 18'' DMR (BLK) .308 Win,КАНАДА,490000,.308 Win,
381,rifled-semi-auto,North Eastern Arms,NEA25 18'' DMR (FDE) .308 Win,КАНАДА,490000,.308 Win,
382,rifled-semi-auto,North Eastern Arms,NEA25 18'' DMR (ODG) .308 Win,КАНАДА,490000,.308 Win,
383,rifled-semi-auto,North Eastern Arms,NEA25 18'' DMR (BB) .308 Win,КАНАДА,490000,.308 Win,
384,rifled-semi-auto,Merkel,Merkel SR1 .300 Standart,ГЕРМАНИЯ,127600,.300,
385,rifled-semi-auto,Sauer,Sauer 303 .300 Classic GTI 51 ,ГЕРМАНИЯ,299950,.300,
386,rifled-semi-auto,Benelli,Benelli Argo-E .30-06 20,ИТАЛИЯ,155400,.30-06,
387,rifled-semi-auto,Benelli,Benelli Argo-E Comfort .308 20,ИТАЛИЯ,164010,.308 Win,
388,rifled-semi-auto,Benelli,Benelli Argo-E .308 20,ИТАЛИЯ,155400,.308 Win,
389,rifled-semi-auto,Benelli,Benelli Argo-E Comfort 9.3x62 22,ИТАЛИЯ,164010,9.3x62,
390,rifled-semi-auto,Benelli,Benelli Argo-E Comfort .30-06 20,ИТАЛИЯ,164010,.30-06,
391,rifled-semi-auto,Sauer,Sauer 303 .338 Classic GTI 51,ГЕРМАНИЯ,299950,.338,
392,rifled-semi-auto,Browning,Browning Bar .338 Light Long Trac Hunter ,БЕЛЬГИЯ,124450,.338,
393,rifled-semi-auto,Benelli,Benelli Argo-E Amazonia Green .30-06 20,ИТАЛИЯ,169050,.30-06,
394,rifled-semi-auto,Mannlicher,Mannlicher AUG-Z 9x19,АВСТРИЯ,196250,9x19 Para,
395,rifled-semi-auto,Browning,Browning Bar .270 Ligth Lux ,БЕЛЬГИЯ,176300,.270 Win,
396,rifled-semi-auto,Sauer,SDI GSG-47 .22,ГЕРМАНИЯ,59500,.22 LR,
397,rifled-semi-auto,Sauer,Sauer 303 .300 Classic 56,ГЕРМАНИЯ,230650,.300,
398,rifled-semi-auto,Sauer,Sauer 303 9.3x62 Synchro XT Ultra 56,ГЕРМАНИЯ,330120,9.3x62,
399,rifled-semi-auto,Sauer,Sauer 303 .300 Synchro XT Ultra 56,ГЕРМАНИЯ,330120,.300,
400,rifled-semi-auto,Benelli,Benelli Argo-E Amazonia Green .308 20,ИТАЛИЯ,172375,.308 Win,
401,rifled-semi-auto,Benelli,Benelli Argo-E Class 30-06 20,ИТАЛИЯ,180590,.30-06,
402,rifled-semi-auto,Sauer,Sauer 303 .300 Black Velvet 56,ГЕРМАНИЯ,224350,.300,
403,rifled-semi-auto,Sauer,Sauer 303 .338 Black Velvet 51,ГЕРМАНИЯ,254450,.338,
404,rifled-semi-auto,Sauer,Sauer 303 .338 Synchro XT 51,ГЕРМАНИЯ,289450,.338,
405,rifled-semi-auto,Browning,Browning Bar .270WSM Short Trac Composite,БЕЛЬГИЯ,106900,.270 WSM,
406,rifled-semi-auto,Winchester,Winchester SXR Vulcan .270WSM,США,84360,.270 WSM,
407,rifled-semi-auto,Winchester,Winchester SXR Vulcan .300 Battue,США,101590,.300,
408,rifled-semi-auto,Benelli,"Benelli Argo .300WM 9,3х62",ИТАЛИЯ,187250,.300 Win Mag / 9.3x62,
409,rifled-semi-auto,Benelli,Benelli Argo Deluxe .308 20,ИТАЛИЯ,221760,.308 Win,
410,rifled-semi-auto,Sauer,Sauer 303 .300 Forest XT 56,ГЕРМАНИЯ,198800,.300,
411,rifled-semi-auto,Sauer,Sauer 303 9.3x62 Classic GTI 56 ,ГЕРМАНИЯ,299950,9.3x62,
412,rifled-semi-auto,Другое,МА-ПП-91 9х18 Makarov,,87900,9x18 Makarov,
413,rifled-semi-auto,Beretta,Beretta CX4 Storm 9mm Para,ИТАЛИЯ,171360,9mm Para,
414,rifled-semi-auto,Другое,Verney-Carron Impact NT 300WM,,111300,.300 Win Mag,
415,rifled-semi-auto,Browning,Browning Bar .300WM Light Evolve,БЕЛЬГИЯ,119140,.300 Win Mag,
416,rifled-semi-auto,Browning,Browning Bar .300WM Light Prima,БЕЛЬГИЯ,119140,.300 Win Mag,
417,rifled-semi-auto,Browning,Browning Bar .243W ,БЕЛЬГИЯ,117370,.243 Win,
418,bolt-action,Victrix,Victrix Lunae кал. 300WinMag 26,ИТАЛИЯ,554230,.300 Win Mag,
419,bolt-action,Victrix,Victrix Scorpio TGT кал. 338Lapua Mag 26,ИТАЛИЯ,596230,.338 Lapua Mag,
420,bolt-action,Sauer,Sauer 404 .30-06 Synchro XTC ,ГЕРМАНИЯ,636300,.30-06,
421,bolt-action,Sauer,Sauer 404 .308 Synchro XTC ,ГЕРМАНИЯ,636300,.308,
422,bolt-action,Sauer,Sauer 404 .300 Synchro XTC ,ГЕРМАНИЯ,666750,.300,
423,bolt-action,Sauer,Sauer 404 Classic 30-06 .243 ,ГЕРМАНИЯ,496300,.30-06 / .243,
424,bolt-action,Franchi,Franchi Horizon Synt .30-06  560,ИТАЛИЯ,61740,.30-06,
425,bolt-action,Blaser,Blaser R8 Ruthenium 9.3x62 .243,ГЕРМАНИЯ,1000800,9.3x62 / .243,
426,bolt-action,Johann Fanzoj,Johann Fanzoj  Mauser M98 .300WM Sw 2-16x50 BRX,АВСТРИЯ,19600000,.300 Win Mag,
427,bolt-action,Johann Fanzoj,Johann Fanzoj Mauser M98 .30-06 ,АВСТРИЯ,3840000,.30-06,
428,bolt-action,Johann Fanzoj,Johann Fanzoj Mauser M98 9.3х62 ,АВСТРИЯ,3840000,9.3x62,
429,bolt-action,Blaser,Blaser R8 At 8x68 M SW .243At,ГЕРМАНИЯ,1068400,8x68 / .243,
430,bolt-action,Blaser,Blaser R8 Russia 8x68 .243,ГЕРМАНИЯ,524000,8x68 / .243,
431,bolt-action,Blaser,Blaser R8 At .30-06At .243At,ГЕРМАНИЯ,890800,.30-06 / .243,
432,bolt-action,Mauser,Mauser M12 MAX .30-06 Muzzle Thread,ГЕРМАНИЯ,189770,.30-06,
433,bolt-action,Blaser,Blaser R93 L 9.3x62 .243,ГЕРМАНИЯ,422400,9.3x62 / .243,
434,bolt-action,Mauser,Mauser M12 MAX .300 WM Muzzle Thread,ГЕРМАНИЯ,189770,.300 Win Mag,
435,bolt-action,Johann Fanzoj,Johann Fanzoj Mauser M98 .300WM Sw Z6i 2.5-15x44,АВСТРИЯ,7650000,.300 Win Mag,
436,bolt-action,Blaser,Blaser R93 L 8x68 комиссия,ГЕРМАНИЯ,224000,8x68,
437,bolt-action,Orsis,Orsis 120 .308Win,РОССИЯ,77350,.308 Win,
438,bolt-action,Blaser,Blaser R8 Custom Grade II .300 ,ГЕРМАНИЯ,2182400,.300,
439,bolt-action,Blaser,Blaser R8 Anniversary .8х68 D/B,ГЕРМАНИЯ,1059200,8x68,
440,bolt-action,Blaser,Blaser R8 Baronesse .30-06 .223At,ГЕРМАНИЯ,1488800,.30-06 / .223,
441,bolt-action,Blaser,Blaser R8 Pr Success .300 .243,ГЕРМАНИЯ,572000,.300 / .243,
442,bolt-action,Krieghoff,Krieghoff Semprio .300 .243 black,ГЕРМАНИЯ,391300,.300 / .243,
443,bolt-action,Krieghoff,Krieghoff Semprio .308 black,ГЕРМАНИЯ,251700,.308 Win,
444,bolt-action,Krieghoff,Krieghoff Semprio .300 .243 Big-Game,ГЕРМАНИЯ,496000,.300 / .243,
445,bolt-action,Krieghoff,Krieghoff Semprio .30-06 black,ГЕРМАНИЯ,251700,.30-06,
446,bolt-action,Krieghoff,Krieghoff Semprio .30-06 .223 Big-Game,ГЕРМАНИЯ,467000,.30-06 / .223,
447,bolt-action,Blaser,Blaser R93 A .30-06At .223At (личинка ST),ГЕРМАНИЯ,718000,.30-06 / .223,
448,bolt-action,Blaser,Blaser R8 Pr 9.3x62 .243,ГЕРМАНИЯ,459200,9.3x62 / .243,
449,bolt-action,Blaser,Blaser R8 Long Range GRS .300 WinMag Match DB,ГЕРМАНИЯ,590800,.300 Win Mag,
450,bolt-action,Sauer,Sauer 202 9.3x62 Forest XT 56,ГЕРМАНИЯ,246050,9.3x62,
451,bolt-action,Sauer,Sauer 202 .30-06 .223 Outback 56,ГЕРМАНИЯ,364350,.30-06 / .223,
452,bolt-action,Blaser,Blaser R93 Tactical 2.338 Lapua Mag комплект,ГЕРМАНИЯ,896000,.338 Lapua Mag,
453,bolt-action,Sauer,Sauer 202 .30-06 .243 Synchro XT Kit,ГЕРМАНИЯ,346500,.30-06 / .243,
454,bolt-action,Sauer,Sauer 202 .30-06 Yukon 56,ГЕРМАНИЯ,236600,.30-06,
455,bolt-action,Sauer,Sauer 202 .30-06 Classic GTI 56,ГЕРМАНИЯ,297150,.30-06,
456,bolt-action,Browning,Browning Maral 9.3x62 HC,БЕЛЬГИЯ,172110,9.3x62,
457,bolt-action,Tikka,Tikka T3 Sporter .223 600,ФИНЛЯНДИЯ,148400,.223,
458,bolt-action,Sauer,Sauer 202 .30-06 Hybrid 56,ГЕРМАНИЯ,478450,.30-06,
459,bolt-action,Orsis,Orsis SE LR .338 Lapua Mag T-5000,РОССИЯ,424830,.338 Lapua Mag,
460,bolt-action,Sauer,Sauer 202 .30-06 .223 Elegance 61,ГЕРМАНИЯ,386400,.30-06 / .223,
461,bolt-action,Mauser,Mauser M03 .300 Special,ГЕРМАНИЯ,265650,.300,
462,bolt-action,Mauser,Mauser M03 8x68S Special,ГЕРМАНИЯ,265650,8x68 S,
463,bolt-action,Mauser,Mauser M03 Extreme .375H&H ,ГЕРМАНИЯ,231700,.375 H&amp;H,
464,bolt-action,Blaser,Blaser R93 Pr .300 M .308 ,ГЕРМАНИЯ,517600,.300 / .308,
465,bolt-action,Blaser,Blaser R93 Pr Success .30-06 .243,ГЕРМАНИЯ,470800,.30-06 / .243,
466,bolt-action,Mauser,Mauser M03 Meisterklasse .30-06,ГЕРМАНИЯ,1211000,.30-06,
467,bolt-action,Mauser,Mauser M03 Extreme Solid .300 WinMag ,ГЕРМАНИЯ,342300,.300 Win Mag,
468,bolt-action,Sauer,Sauer 202 .30-06 Yukon 51Match кан.,ГЕРМАНИЯ,243950,.30-06,
469,bolt-action,Blaser,Blaser R93 Selous 8x68,ГЕРМАНИЯ,945200,8x68,
470,bolt-action,Blaser,Blaser R8 Russia 9.3x62,ГЕРМАНИЯ,360000,9.3x62,
471,bolt-action,Blaser,Blaser R8 Russia 8x68,ГЕРМАНИЯ,396400,8x68 S,
472,bolt-action,Blaser,Blaser R8 Anniversary .30-06,ГЕРМАНИЯ,976800,.30-06,
473,bolt-action,CZ,CZ 550 MEDIUM LUX .300WM ,ЧЕХИЯ,76300,.300 Win Mag,
474,bolt-action,CZ,CZ 550 PREDATOR .30-06 ,ЧЕХИЯ,67200,.30-06,
475,bolt-action,CZ,CZ 550 MAGNUM LUX .375H&H ,ЧЕХИЯ,97300,.375 H&amp;H,
476,bolt-action,CZ,CZ 550 MEDIUM LUX 9.3x62 3-мест. фикс. магазин,ЧЕХИЯ,75250,9.3x62,
477,bolt-action,CZ,CZ 550 EXCLUSIVE-EBONY EDITION .30-06 5-мест. фикс. магазин,ЧЕХИЯ,85750,.30-06,
478,bolt-action,CZ,CZ 550 VARMINT .308 4-мест. магазин,ЧЕХИЯ,80150,.308,
479,bolt-action,Mauser,Mauser M03 Extreme .308 ,ГЕРМАНИЯ,232750,.308,
480,bolt-action,Blaser,Blaser R93 St .30-06 .223 ,ГЕРМАНИЯ,419600,.30-06 / .223,
481,bolt-action,Mauser,Mauser M12 Extreme .300,ГЕРМАНИЯ,131950,.300,
482,bolt-action,Sauer,Sauer 202 9.3x62 .223 Classic 56,ГЕРМАНИЯ,290500,9.3x62 / .223,
483,bolt-action,Sauer,Sauer 202 .30-06 .223 Classic 56,ГЕРМАНИЯ,309050,.30-06 / .223,
484,bolt-action,Blaser,Blaser R8 Long Range GRS .338 Lapua Mag Match DB,ГЕРМАНИЯ,674400,.338 Lapua Mag,
485,bolt-action,Blaser,Blaser R8 Custom Grade III 8x68,ГЕРМАНИЯ,2325600,8x68 S,
486,bolt-action,Krieghoff,Krieghoff Semprio 9.3x62 .223 Forest Green black,ГЕРМАНИЯ,485798,9.3x62 / .223,
487,bolt-action,Krieghoff,Krieghoff Semprio 9.3x62 .223 T-wood black,ГЕРМАНИЯ,485798,9.3x62 / .223,
488,bolt-action,Krieghoff,Krieghoff Semprio .30-06 .223 black,ГЕРМАНИЯ,485798,.30-06 / .223,
489,bolt-action,Krieghoff,Krieghoff Semprio .308 .223 black,ГЕРМАНИЯ,485798,.308 Win / .223,
490,bolt-action,Sauer,Sauer 202 .300 Avantgarde Grande Lux l 60 кейс (№95500),ГЕРМАНИЯ,6252750,.300,
491,bolt-action,Zoli,Zoli AZ1900 .300 SLX,ИТАЛИЯ,245700,.300,
492,bolt-action,Mauser,Mauser M98 8x68,ГЕРМАНИЯ,1794450,8x68 S,
493,bolt-action,Krieghoff,Krieghoff Semprio .308 nickel SW1.5-6x42/ 2.5-10x56,ГЕРМАНИЯ,1408388,.308 Win,
494,bolt-action,Krieghoff,Krieghoff Semprio .30-06 nickel African Game,ГЕРМАНИЯ,562343,.30-06,
495,bolt-action,Blaser,Blaser R93 Tactical 2 .308 комплект,ГЕРМАНИЯ,854400,.308,
496,bolt-action,Blaser,Blaser R93 Tactical 2.338 Lapua Mag .308 комплект,ГЕРМАНИЯ,1010800,.338 Lapua Mag / .308,
497,bolt-action,Blaser,Blaser R8 At .300,ГЕРМАНИЯ,751600,.300,
498,bolt-action,Sako,Sako 85 Safari 90 Anniversary 450 Rigby,ФИНЛЯНДИЯ,1658300,.450 Rigby,
499,bolt-action,Sako,Sako 85 Bavarian .300WSM,ФИНЛЯНДИЯ,142100,.300 WSM,
500,bolt-action,Sako,Sako 85 Bavarian Carbine 9.3x62,ФИНЛЯНДИЯ,164150,9.3x62,
501,bolt-action,Sako,Sako 85 Brown Bear .375H&H Mag,ФИНЛЯНДИЯ,163450,.375 H&amp;H Mag,
502,bolt-action,Sako,Sako 85 Brown Bear .338,ФИНЛЯНДИЯ,163450,.338,
503,bolt-action,Sauer,Sauer 90 .300 Final Edition 66,ГЕРМАНИЯ,540400,.300,
504,bolt-action,Sauer,Sauer 202 .30-06 Elegance GTI 51 Gr 6,ГЕРМАНИЯ,403200,.30-06,
505,bolt-action,Mauser,Mauser M03 Extreme 8x68S Special,ГЕРМАНИЯ,239750,8x68 S,
506,bolt-action,Zoli,Zoli Taiga .30-06,ИТАЛИЯ,104300,.30-06,
507,bolt-action,Zoli,Zoli Taiga .308,ИТАЛИЯ,104300,.308,
508,bolt-action,Zoli,Zoli Taiga .243,ИТАЛИЯ,104300,.243,
509,bolt-action,Zoli,Zoli Taiga .300WM,ИТАЛИЯ,104300,.300 Win Mag,
510,bolt-action,Zoli,Zoli Taiga 9.3x62,ИТАЛИЯ,104300,9.3x62,
511,bolt-action,Mauser,Mauser M03 9.3x62,ГЕРМАНИЯ,237300,9.3x62,
512,bolt-action,Mauser,Mauser M03 .375H&H ,ГЕРМАНИЯ,256200,.375 H&amp;H,
513,bolt-action,CZ,CZ 550 PREDATOR .308 ,ЧЕХИЯ,65100,.308,
514,bolt-action,CZ,CZ 750 S1M1 .308 10-мест. магазин,ЧЕХИЯ,193200,.308,
515,bolt-action,Blaser,Blaser R8 St .308 ,ГЕРМАНИЯ,342800,.308,
516,bolt-action,Zoli,Zoli AZ1900 Black Magic .308,ИТАЛИЯ,236950,.308,
517,bolt-action,Zoli,Zoli AZ1900 Black Magic .300WM,ИТАЛИЯ,236950,.300 Win Mag,
518,bolt-action,Sauer,Sauer 202 .30-06 Forest XT 56,ГЕРМАНИЯ,246050,.30-06,
519,bolt-action,Sauer,Sauer 90 8x68 Final Edition GTI,ГЕРМАНИЯ,540400,8x68 S,
520,bolt-action,Sauer,Sauer 202 .308 Varmint XT Muzzle Thread 56,ГЕРМАНИЯ,209300,.308,
521,bolt-action,Другое,Z-008 .308 Охота,,298900,.308,
522,bolt-action,Sauer,Sauer 101 .243 Classic XT 56,ГЕРМАНИЯ,131600,.243,
523,bolt-action,Sauer,Sauer 202 8х68 Classic 60 wood,ГЕРМАНИЯ,203350,8x68 S,
524,bolt-action,Sauer,Sauer 101 .30-06 Classic 56,ГЕРМАНИЯ,149450,.30-06,
525,bolt-action,Sauer,Sauer 101 6.5x55 Classic 56,ГЕРМАНИЯ,149450,6.5x55,
526,bolt-action,Sauer,Sauer 101 9.3x62 Classic 56,ГЕРМАНИЯ,149450,9.3x62,
527,bolt-action,Sauer,Sauer 101 .243 Classic 56,ГЕРМАНИЯ,149450,.243,
528,bolt-action,Sauer,Sauer 101 9.3x62 Classic XT 56,ГЕРМАНИЯ,131600,9.3x62,
529,bolt-action,Sauer,Sauer 101 .300 Classic 62,ГЕРМАНИЯ,149450,.300,
530,bolt-action,Sauer,Sauer 101 .300 Classic XT 62,ГЕРМАНИЯ,131600,.300,
531,bolt-action,Другое,Z-008 .300,,261800,.300,
532,bolt-action,Другое,Z-008 6.5-284,,270200,6.5-284 Norma,
533,bolt-action,Sauer,Sauer 202 .308 .223 Classic 56,ГЕРМАНИЯ,290500,.308 / .223,
534,bolt-action,Sauer,Sauer 202 .30-06 Polar,ГЕРМАНИЯ,224700,.30-06,
535,bolt-action,Другое,Z-008 .308,,270200,.308,
536,bolt-action,CZ,CZ 550 LUX 6.5x55 5-мест. фикс. магазин,ЧЕХИЯ,66850,6.5x55,
537,bolt-action,CZ,CZ 550 LUX .243 4-мест. магазин,ЧЕХИЯ,75950,.243,
538,bolt-action,Sako,Sako 85 Hunter 9.3x62,ФИНЛЯНДИЯ,141750,9.3x62,
539,bolt-action,Blaser,Blaser R93 St .30-06 .243 ,ГЕРМАНИЯ,391200,.30-06 / .243,
540,bolt-action,Zoli,Zoli AZ1900 .308 Alpen,ИТАЛИЯ,126000,.308,
541,bolt-action,Blaser,Blaser R93 St .30-06 ,ГЕРМАНИЯ,294000,.30-06,
542,bolt-action,Zoli,Zoli AZ1900 .308 Black,ИТАЛИЯ,169400,.308,
543,bolt-action,Browning,Browning Acera .300WM Elite,БЕЛЬГИЯ,96250,.300 Win Mag,
544,bolt-action,Zoli,Zoli AZ1900 Bavarian 9.3x62,ИТАЛИЯ,94850,9.3x62,
545,bolt-action,Sauer,Sauer 202 .300 Elegance 65,ГЕРМАНИЯ,352800,.300,
546,bolt-action,Sauer,Sauer 202 9.3х62 Elegance 60,ГЕРМАНИЯ,311150,9.3x62,
547,bolt-action,Sauer,Sauer 202 .308 Forest XT 56,ГЕРМАНИЯ,246050,.308,
548,bolt-action,Sauer,Sauer 202 .308 Elegance 60,ГЕРМАНИЯ,311150,.308,
549,bolt-action,Sako,Sako 85 Bavarian 9.3x62 WS 570,ФИНЛЯНДИЯ,144900,9.3x62,
550,bolt-action,Tikka,Tikka T3 Hunter 9.3х62 WS 570,ФИНЛЯНДИЯ,98350,9.3x62,
551,bolt-action,Sauer,Sauer 202 .30-06 Classic GTI 51,ГЕРМАНИЯ,297150,.30-06,
552,bolt-action,Sauer,Sauer 202 .300 Classic 60,ГЕРМАНИЯ,240450,.300,
553,bolt-action,Sauer,Sauer 202 .30-06 Synchro XT 56,ГЕРМАНИЯ,252000,.30-06,
554,bolt-action,Sauer,Sauer 202 .300 Synchro XT 60,ГЕРМАНИЯ,273000,.300,
555,bolt-action,Sauer,Sauer 202 .30-06 Elegance GTI 56,ГЕРМАНИЯ,359450,.30-06,
556,bolt-action,Sauer,Sauer 202 .30-06 Сlassic GTI 61,ГЕРМАНИЯ,281400,.30-06,
557,bolt-action,John Rigby,John Rigby London Best Big Game .416Rigby 10350,ВЕЛИКОБРИТАНИЯ,5680350,.416 Rigby,
558,bolt-action,John Rigby,John Rigby London Best .416Rigby 10325,ВЕЛИКОБРИТАНИЯ,4141350,.416 Rigby,
559,bolt-action,John Rigby,John Rigby London Best G .416Rigby 10326,ВЕЛИКОБРИТАНИЯ,5368500,.416 Rigby,
560,bolt-action,Sako,Sako 85 Varmint Laminated Stainless .22-250Rem,ФИНЛЯНДИЯ,130550,.22-250 Rem,
561,bolt-action,Sako,Sako 85 Varmint .22-250Rem,ФИНЛЯНДИЯ,117600,.22-250 Rem,
562,bolt-action,Другое,Hauptmann .300WM,,6048000,.300 Win Mag,
563,bolt-action,Sauer,Sauer 202 9.3x62 TD Av Grande Lux,ГЕРМАНИЯ,742000,9.3x62,
564,bolt-action,Sauer,Sauer 202 .30-06 Highland 51,ГЕРМАНИЯ,246400,.30-06,
565,bolt-action,Mauser,Mauser M12 9.3x62 ,ГЕРМАНИЯ,149450,9.3x62,
566,bolt-action,Mauser,Mauser M12 .338 WM class 1,ГЕРМАНИЯ,149450,.338,
567,bolt-action,Zoli,Zoli AZ1900 Bavarian .243,ИТАЛИЯ,94850,.243,
568,bolt-action,Zoli,Zoli AZ1900 Bavarian .300 WinMag,ИТАЛИЯ,94850,.300 Win Mag,
569,bolt-action,Sauer,Sauer 202 9.3х62 Classic 56,ГЕРМАНИЯ,219450,9.3x62,
570,bolt-action,Blaser,Blaser R93 Pr 8x68,ГЕРМАНИЯ,346000,8x68 S,
571,bolt-action,Blaser,Blaser R93 L 9.3x62 ,ГЕРМАНИЯ,325200,9.3x62,
572,bolt-action,Zoli,Zoli AZ1900 .30-06 SLX,ИТАЛИЯ,245700,.30-06,
573,bolt-action,Blaser,Blaser R93 L 8x68 ,ГЕРМАНИЯ,357600,8x68 S,
574,bolt-action,Blaser,Blaser R93 A 9.3x62 ,ГЕРМАНИЯ,516000,9.3x62,
575,bolt-action,Blaser,Blaser R93 St .308 ,ГЕРМАНИЯ,294000,.308,
576,bolt-action,Blaser,Blaser R93 G-L .30-06 .223 ,ГЕРМАНИЯ,652400,.30-06 / .223,
577,bolt-action,Merkel,Merkel KR1 .300 .223,ГЕРМАНИЯ,239600,.300 / .223,
578,bolt-action,Mauser,Mauser M12 .300 WM class 1,ГЕРМАНИЯ,149450,.300,
579,bolt-action,Mauser,Mauser M12 .243 Win ,ГЕРМАНИЯ,149450,.243 Win,
580,bolt-action,Blaser,Blaser R93 L .30-06 .223,ГЕРМАНИЯ,450800,.30-06 / .223,
581,bolt-action,Blaser,Blaser R93 A .30-06,ГЕРМАНИЯ,516000,.30-06,
582,bolt-action,Blaser,Blaser R93 St .308 .223,ГЕРМАНИЯ,419600,.308 / .223,
583,bolt-action,CZ,CZ 550 STANDART .30-06 5-мест. фикс. магазин,ЧЕХИЯ,66850,.30-06,
584,bolt-action,CZ,CZ 550 LUX .243 5-мест. фикс. магазин,ЧЕХИЯ,71400,.243,
585,bolt-action,Zoli,Zoli AZ1900 9.3x62,ИТАЛИЯ,79450,9.3x62,
586,bolt-action,Browning,Browning Acera .300WM,БЕЛЬГИЯ,98210,.300 Win Mag,
587,bolt-action,Blaser,Blaser R93 Pr .30-06 .223,ГЕРМАНИЯ,435200,.30-06 / .223,
588,combi,Blaser,Blaser BBF97 L .243 12/76 +чехол ,ГЕРМАНИЯ,266000,.243 / 12,
589,combi,Blaser,Blaser BD14 Luxus .20/76 .222 Rem .9.3x74R,ГЕРМАНИЯ,929200,20 / .222 / .9.3x74 R,
590,combi,Blaser,Blaser BD14 Luxus .20/76 .222 Rem .30-06,ГЕРМАНИЯ,929200,20 / .222 / .30-06,
591,combi,Blaser,Blaser BD14 St .20/76 .222 Rem .9.3x74R,ГЕРМАНИЯ,741600,20 / .222 / .93x74 R,
592,combi,Blaser,Blaser BD14 St .20/76 .222 Rem .308,ГЕРМАНИЯ,684800,20 / .222 / .308,
593,combi,Blaser,Blaser BD14 Luxus .20/76 .222 Rem .308,ГЕРМАНИЯ,857600,20 / .222 / .308,
594,combi,Krieghoff,Krieghoff Ultra 20 TS 20/76 - .30-06,ГЕРМАНИЯ,500130,20 / .30-06,
595,combi,Zoli,Zoli RT Corona St 20/.308,ИТАЛИЯ,50,20 / .308,
596,combi,Zoli,Zoli RT Corona Lux 12/9.3x74,ИТАЛИЯ,213885,12 / 9.3x74,
597,combi,Zoli,Zoli RT Corona Lux 12/.243,ИТАЛИЯ,223650,12 / .243,
598,combi,Zoli,Zoli RT Corona Lux 12/.308,ИТАЛИЯ,247275,12. / 308,
599,combi,Sauer,Sauer&Sohn 8x57JRS-20/76 Mod IX BF Individual кейс,ГЕРМАНИЯ,2205000,8x57 JRS / 20,
600,combi,Krieghoff,"Krieghoff Ultra 20 TS 20/76 -9,3x74 R",ГЕРМАНИЯ,483300,20 / 9.3x74 R,
601,combi,Blaser,Blaser BBF97 St .308 20/76 ,ГЕРМАНИЯ,344000,.308 / 20,
602,combi,Blaser,Blaser BBF97 St .243 20/76,ГЕРМАНИЯ,344000,.243 / 20,
603,combi,Krieghoff,"Krieghoff Ultra 20 20/9,3x74 .223/9,3x74R 9.3x74/9.3x74",ГЕРМАНИЯ,1589625,20 / 9.3x74 / .223 / 9.3x74 R,
604,combi,Krieghoff,Krieghoff Drilling Optima 20/76 9.3x74 9.3x74 Small Game,ГЕРМАНИЯ,1216013,20 / 9.3x74,
605,combi,Zoli,Zoli RT Corona St 20/.30-06,ИТАЛИЯ,50,20 / .30-06,
606,combi,Krieghoff,Krieghoff Drilling Optima 20/76 20/76 9.3x74 Small Game,ГЕРМАНИЯ,921375,20 / 9.3x74,
607,combi,Zoli,Zoli RT Corona Lux 12/.223,ИТАЛИЯ,50,12 / .223,
608,combi,Zoli,Zoli RT Corona St 12/.223,ИТАЛИЯ,50,12 / .223,
609,combi,Zoli,Zoli RT Corona St 20/.243,ИТАЛИЯ,50,20 / .243,
610,combi,Fabarm,Fabarm Dual AL 9.3x74-12/76,ИТАЛИЯ,147350,9.3x74 / 12,
611,combi,Fabarm,Fabarm Dual AL Combo .30-06-12/76 12/76-12/76,ИТАЛИЯ,214900,.30-06 / 12,
612,combi,Fabarm,Fabarm Dual AL DT .30-06-12/76,ИТАЛИЯ,155400,.30-06 / 12,
613,combi,Blaser,Blaser BBF97 L .243 12/76,ГЕРМАНИЯ,449600,.243 / 12,
614,combi,Blaser,Blaser BBF97 L .308 12/76,ГЕРМАНИЯ,449600,.308 / 12,
615,combi,Merkel,Merkel 96K Jagd 12/12 .223,ГЕРМАНИЯ,460800,.223,
616,combi,Zoli,Zoli RT Corona St 12/.243,ИТАЛИЯ,50,12 / .243,
617,combi,Zoli,Zoli RT Corona Lux 12/.30-06,ИТАЛИЯ,247275,12 / .30-06,
618,combi,Zoli,Zoli RT Corona St 12/.30-06,ИТАЛИЯ,50,12 / .30-06,
619,combi,Blaser,Blaser D99 L 9.3x74 20/76 20/76,ГЕРМАНИЯ,609600,9.3x74 / 20,
620,combi,Blaser,Blaser BBF97 St .30-06 12/76,ГЕРМАНИЯ,344000,.30-06 / 12,
621,combi,Zoli,Zoli RT Corona St 12/9.3x74,ИТАЛИЯ,50,12 / 9.3x74,
622,combi,Blaser,Blaser BBF97 St .243 12/76,ГЕРМАНИЯ,344000,.243 / 12,
623,combi,Blaser,Blaser BBF97 L 9.3х74 12/76,ГЕРМАНИЯ,449600,9.3x74 / 12,
624,combi,Blaser,Blaser BBF97 St .308 12/76,ГЕРМАНИЯ,344000,.308 / 12,
625,combi,Blaser,Blaser BBF97 L .30-06 12/76,ГЕРМАНИЯ,449600,.30-06 / 12,
626,combi,Blaser,Blaser BBF97 St 9.3x74 12/76,ГЕРМАНИЯ,344000,9.3x74 / 12,
627,combi,Zoli,Zoli RT Corona St 12/.222,ИТАЛИЯ,165060,12 / .222,
